{
	"format_version": "1.12.0",
	"minecraft:geometry": [
		{
			"description": {
				"identifier": "geometry.golden_gauntlet - Converted",
				"texture_width": 11,
				"texture_height": 33,
				"visible_bounds_width": 2,
				"visible_bounds_height": 1.5,
				"visible_bounds_offset": [0, 0.25, 0]
			},
			"bones": [
				{
					"name": "bb_main",
					"pivot": [0, 0, 0],
					"cubes": [
						{
							"origin": [-0.825, 1.5, -2.35],
							"size": [1.65, 2, 1.275],
							"uv": {
								"north": {"uv": [0, 21.00573], "uv_size": [10.00365, 11.99427]}
							}
						}
					]
				},
				{
					"name": "gauntlet",
					"pivot": [0, 8, 0],
					"cubes": [
						{
							"origin": [-2.1, 0, -2.1],
							"size": [4.2, 5.5, 4.2],
							"uv": {
								"north": {"uv": [5.0375, 0], "uv_size": [5.9625, 6.03125]},
								"east": {"uv": [11, 0], "uv_size": [-5.98125, 6.03125]},
								"south": {"uv": [5, 0], "uv_size": [5.9625, 6.03958]},
								"west": {"uv": [11, 0], "uv_size": [-5.9625, 6.03125]},
								"up": {"uv": [10.9625, 6.02917], "uv_size": [-5.9625, -6.02917]},
								"down": {"uv": [10.9625, 6.02917], "uv_size": [-5.9625, -6.02917]}
							}
						},
						{
							"origin": [-2.25, 1.75, -2.25],
							"size": [4.5, 1.5, 2.5],
							"uv": {
								"north": {"uv": [0, 6], "uv_size": [7.00625, 3]},
								"east": {"uv": [6.99792, 5.97708], "uv_size": [-6.99792, 3.02292]},
								"south": {"uv": [5.75, 5.91667], "uv_size": [1.03125, 1.03125]},
								"west": {"uv": [7.02292, 6], "uv_size": [-7.02292, 3]},
								"up": {"uv": [6.78125, 7.63542], "uv_size": [-1.03125, -1.71875]},
								"down": {"uv": [6.78125, 7.63542], "uv_size": [-1.03125, -1.71875]}
							}
						},
						{
							"origin": [-0.9, 1.4, -2.325],
							"size": [1.825, 2.2, 2.5],
							"uv": {
								"north": {"uv": [0, 0], "uv_size": [4.99323, 5.97917]},
								"east": {"uv": [0, 0], "uv_size": [0.57292, 1.5125]},
								"west": {"uv": [0, 0], "uv_size": [0.57292, 1.5125]},
								"up": {"uv": [0.41823, 1.71875], "uv_size": [-0.41823, -1.71875]},
								"down": {"uv": [0.41823, 1.71875], "uv_size": [-0.41823, -1.71875]}
							}
						}
					]
				}
			]
		}
	]
}